City_ID,City,Country,Lat,Lng,Max Temp,Humidity,Cloudiness,Wind Speed,Current Description
0,Punta Arenas,CL,-53.15,-70.9167,35.11,74,81,20.85,broken clouds
1,Thompson,CA,55.7435,-97.8558,50.16,57,75,16.11,broken clouds
2,Jamestown,US,42.097,-79.2353,62.06,48,100,3.0,overcast clouds
3,Klaksvik,FO,62.2266,-6.589,47.32,87,67,9.46,broken clouds
4,Wakkanai,JP,45.4094,141.6739,45.54,95,74,5.48,broken clouds
5,Lompoc,US,34.6391,-120.4579,70.92,74,0,8.01,clear sky
6,Dayong,CN,25.0209,118.2898,69.57,98,100,1.86,light rain
7,Esperance,AU,-33.8667,121.9,61.0,68,59,22.95,broken clouds
8,Hithadhoo,MV,-0.6,73.0833,83.95,74,16,12.33,few clouds
9,Kant,IN,27.8,79.8,80.89,52,99,11.25,overcast clouds
10,Busselton,AU,-33.65,115.3333,62.56,85,72,31.29,broken clouds
11,Bredasdorp,ZA,-34.5322,20.0403,59.4,79,100,5.61,overcast clouds
12,Cape Town,ZA,-33.9258,18.4232,62.28,83,0,9.22,clear sky
13,Avarua,CK,-21.2078,-159.775,79.16,74,3,7.47,clear sky
14,Coxim,BR,-18.5067,-54.76,89.17,25,11,5.48,few clouds
15,Kaitangata,NZ,-46.2817,169.8464,51.87,76,49,15.57,scattered clouds
16,Bonthe,SL,7.5264,-12.505,82.56,75,99,10.27,moderate rain
17,Omboue,GA,-1.5746,9.2618,76.78,79,99,9.37,overcast clouds
18,Khatanga,RU,71.9667,102.5,26.22,87,35,10.65,scattered clouds
19,Puerto Ayora,EC,-0.7393,-90.3518,73.54,95,63,1.99,broken clouds
20,Marsabit,KE,2.3284,37.9899,73.13,49,1,12.26,clear sky
21,Ferme-Neuve,CA,46.7001,-75.4493,53.49,46,74,5.77,broken clouds
22,Barrow,US,71.2906,-156.7887,21.22,86,100,19.57,overcast clouds
23,Misratah,LY,32.3754,15.0925,75.99,47,0,12.55,clear sky
24,Rikitea,PF,-23.1203,-134.9692,75.85,74,24,13.87,few clouds
25,Georgetown,MY,5.4112,100.3354,84.13,84,20,0.0,few clouds
26,Upernavik,GL,72.7868,-56.1549,30.6,94,100,4.79,overcast clouds
27,Ambunti,PG,-4.2365,142.8448,73.45,99,87,1.77,overcast clouds
28,Alta Floresta,BR,-9.8756,-56.0861,85.05,41,0,4.0,clear sky
29,Albany,US,42.6001,-73.9662,66.58,48,98,6.85,overcast clouds
30,Sept-Iles,CA,50.2001,-66.3821,53.06,45,47,8.99,scattered clouds
31,Butaritari,KI,3.0707,172.7902,81.18,81,100,13.94,light rain
32,Vaini,TO,-21.2,-175.2,77.79,85,17,12.03,few clouds
33,Vagay,RU,57.9375,69.0217,46.71,97,100,4.79,overcast clouds
34,Narsaq,GL,60.9167,-46.05,43.02,79,90,4.43,overcast clouds
35,Damghan,IR,36.1683,54.348,78.6,14,32,6.44,scattered clouds
36,Yellowknife,CA,62.456,-114.3525,38.12,53,26,2.33,scattered clouds
37,Mataura,NZ,-46.1927,168.8643,52.48,82,97,8.75,overcast clouds
38,Atbasar,KZ,51.8,68.3333,59.99,55,84,10.36,broken clouds
39,Dwarka,IN,22.2394,68.9678,83.79,81,50,25.41,scattered clouds
40,Isangel,VU,-19.55,169.2667,77.05,82,48,10.71,scattered clouds
41,Saskylakh,RU,71.9167,114.0833,28.44,95,99,12.24,overcast clouds
42,Tasiilaq,GL,65.6145,-37.6368,34.25,99,100,10.65,snow
43,Esmeraldas,BR,-19.7625,-44.3139,77.45,34,1,2.84,clear sky
44,Hovd,MN,48.0056,91.6419,66.2,39,100,3.0,overcast clouds
45,Lorengau,PG,-2.0226,147.2712,82.96,72,99,11.79,overcast clouds
46,Kavieng,PG,-2.5744,150.7967,82.27,73,95,14.9,overcast clouds
47,Grindavik,IS,63.8424,-22.4338,50.47,66,75,8.05,broken clouds
48,Ulladulla,AU,-35.35,150.4667,46.76,79,83,4.45,broken clouds
49,Beringovskiy,RU,63.05,179.3167,38.05,81,100,2.98,overcast clouds
50,Bourail,NC,-21.5667,165.4833,70.72,83,98,8.57,overcast clouds
51,Constitucion,CL,-35.3333,-72.4167,54.64,91,100,1.59,overcast clouds
52,Bluff,NZ,-46.6,168.3333,52.81,78,88,25.88,overcast clouds
53,Cidreira,BR,-30.1811,-50.2056,67.51,58,0,4.34,clear sky
54,Marawi,PH,7.9986,124.2928,69.31,94,88,2.73,overcast clouds
55,Kautokeino,NO,69.0125,23.0412,39.25,100,100,1.74,overcast clouds
56,Kavaratti,IN,10.5669,72.642,83.57,82,100,15.28,overcast clouds
57,Porosozero,RU,62.7191,32.727,44.49,40,65,9.04,broken clouds
58,Simpang,ID,-1.2667,104.0833,75.79,95,10,2.28,clear sky
59,Berlevag,NO,70.8578,29.0864,44.55,70,0,16.11,clear sky
60,Meulaboh,ID,4.1363,96.1285,78.48,86,99,2.84,overcast clouds
61,Jinchang,CN,38.4953,102.1739,69.89,21,98,7.99,overcast clouds
62,Prince Rupert,CA,54.3161,-130.3201,46.49,87,100,9.22,overcast clouds
63,Saint-Philippe,RE,-21.3585,55.7679,72.99,84,39,11.54,light rain
64,Port Elizabeth,ZA,-33.918,25.5701,62.1,81,26,5.14,scattered clouds
65,Hermanus,ZA,-34.4187,19.2345,56.8,78,100,12.19,overcast clouds
66,Hualmay,PE,-11.0964,-77.6139,69.53,70,28,10.92,scattered clouds
67,Port Alfred,ZA,-33.5906,26.891,59.18,86,11,1.81,few clouds
68,Ubinskoye,RU,55.3068,79.6802,54.57,51,40,8.46,scattered clouds
69,Bethel,US,41.3712,-73.414,73.18,54,89,1.01,overcast clouds
70,Xining,CN,36.6167,101.7667,57.43,56,58,0.47,broken clouds
71,Cabo San Lucas,MX,22.8909,-109.9124,85.6,52,4,5.01,clear sky
72,Alice Springs,AU,-23.7,133.8833,49.55,66,67,0.0,broken clouds
73,Grand Gaube,MU,-20.0064,57.6608,75.38,74,62,5.99,broken clouds
74,Atuona,PF,-9.8,-139.0333,78.84,75,16,19.93,few clouds
75,Katangli,RU,51.7102,143.2326,34.18,93,97,9.33,overcast clouds
76,New Norfolk,AU,-42.7826,147.0587,44.71,87,5,2.06,clear sky
77,San Quintin,MX,30.4833,-115.95,62.35,68,95,9.28,overcast clouds
78,Lavrentiya,RU,65.5833,-171.0,36.39,65,37,1.25,scattered clouds
79,Cacapava Do Sul,BR,-30.5122,-53.4914,63.64,55,1,4.12,clear sky
80,Les Cayes,HT,18.2,-73.75,84.42,64,85,11.97,overcast clouds
81,Palmer,US,42.1584,-72.3287,72.5,45,97,3.0,overcast clouds
82,Paamiut,GL,61.994,-49.6678,32.13,94,100,6.04,light snow
83,Bambanglipuro,ID,-7.95,110.2833,78.1,82,99,5.95,overcast clouds
84,Hofn,IS,64.2539,-15.2082,44.62,93,100,11.5,mist
85,Tuatapere,NZ,-46.1333,167.6833,50.32,83,86,10.25,overcast clouds
86,Kapaa,US,22.0752,-159.319,74.48,84,100,14.97,overcast clouds
87,Te Anau,NZ,-45.4167,167.7167,48.9,84,97,5.21,overcast clouds
88,Aklavik,CA,68.2191,-135.0107,29.35,66,98,3.27,overcast clouds
89,Eureka,US,40.8021,-124.1637,58.19,90,64,1.99,broken clouds
90,Peterhead,GB,57.5058,-1.7981,55.8,90,94,15.01,overcast clouds
91,Pisco,PE,-13.7,-76.2167,66.02,83,70,7.11,broken clouds
92,Victoria,HK,22.2855,114.1577,79.18,93,100,10.0,overcast clouds
93,Hobart,AU,-42.8794,147.3294,45.05,89,75,8.05,broken clouds
94,Ushuaia,AR,-54.8,-68.3,36.79,68,99,4.99,overcast clouds
95,Brae,GB,60.3964,-1.353,52.25,72,72,7.49,broken clouds
96,Dikson,RU,73.5069,80.5464,19.11,87,9,8.03,clear sky
97,Tsabong,BW,-26.0217,22.401,62.94,50,3,5.55,clear sky
98,Souillac,MU,-20.5167,57.5167,74.64,70,73,15.32,broken clouds
99,College,US,64.8569,-147.8028,50.2,49,0,1.99,clear sky
100,Zaysan,KZ,47.4667,84.8667,61.54,48,100,3.65,overcast clouds
101,Ascoli Piceno,IT,42.8548,13.5749,81.01,63,17,3.58,few clouds
102,Morant Bay,JM,17.8815,-76.4093,91.71,68,99,12.8,overcast clouds
103,Bolitoc,PH,15.7395,119.8769,79.59,84,96,9.55,overcast clouds
104,Dunedin,NZ,-45.8742,170.5036,52.81,60,11,4.0,few clouds
105,Awjilah,LY,29.1081,21.2869,86.23,8,0,6.67,clear sky
106,Tocopilla,CL,-22.092,-70.1979,67.19,70,14,4.56,few clouds
107,Mackay,AU,-21.15,149.2,68.68,89,40,13.42,scattered clouds
108,Arraial Do Cabo,BR,-22.9661,-42.0278,72.93,70,3,18.25,clear sky
109,Bershet,RU,57.7309,56.3783,45.66,80,69,3.65,broken clouds
110,Codrington,AU,-38.2667,141.9667,49.23,85,4,6.73,clear sky
111,Bama,NG,11.5221,13.6856,100.33,8,65,12.57,broken clouds
112,Port Hardy,CA,50.6996,-127.4199,49.14,90,100,10.02,overcast clouds
113,Sur,OM,22.5667,59.5289,91.0,52,0,4.92,clear sky
114,Mount Gambier,AU,-37.8333,140.7667,49.03,87,5,5.95,clear sky
115,Kardla,EE,58.9978,22.7492,53.15,51,5,3.47,clear sky
116,Vaitape,PF,-16.5167,-151.75,81.07,72,10,14.65,clear sky
117,Amasya,TR,40.6667,35.8333,55.08,92,98,3.67,overcast clouds
118,Dingle,PH,10.9995,122.6711,76.6,88,78,1.68,broken clouds
119,Mogwase,ZA,-25.185,27.2665,62.4,43,6,8.14,clear sky
120,Seoul,KR,37.5683,126.9778,61.99,66,31,2.64,scattered clouds
121,Otane,NZ,-39.8833,176.6333,40.68,89,0,2.51,clear sky
122,Nyagan,RU,62.1406,65.3936,41.38,79,87,4.5,overcast clouds
123,Dzhebariki-Khaya,RU,62.2167,135.8,37.92,91,65,4.21,broken clouds
124,Chuy,UY,-33.6971,-53.4616,63.88,59,87,4.74,overcast clouds
125,San Cristobal,VE,7.7669,-72.225,84.31,44,17,6.98,few clouds
126,Baker City,US,44.7749,-117.8344,55.6,58,96,3.15,overcast clouds
127,Vao,NC,-22.6667,167.4833,72.21,79,100,21.41,overcast clouds
128,Talnakh,RU,69.4865,88.3972,34.32,94,100,2.21,overcast clouds
129,Mayo,US,38.8876,-76.5119,75.13,57,0,8.05,clear sky
130,Tuktoyaktuk,CA,69.4541,-133.0374,21.2,79,100,9.22,overcast clouds
131,Baykit,RU,61.67,96.37,56.1,63,15,3.22,few clouds
132,Magadan,RU,59.5667,150.8,33.75,97,100,2.21,overcast clouds
133,Shelburne,CA,44.0787,-80.2041,54.3,54,100,7.7,overcast clouds
134,Charters Towers,AU,-20.1,146.2667,65.12,77,96,11.43,overcast clouds
135,Anloga,GH,5.7947,0.8973,82.87,71,82,7.65,broken clouds
136,Hilo,US,19.7297,-155.09,76.28,85,31,1.01,scattered clouds
137,Illapel,CL,-31.6308,-71.1653,70.3,36,100,5.55,overcast clouds
138,Juneau,US,58.3019,-134.4197,49.21,97,100,3.89,moderate rain
139,Rome,US,34.257,-85.1647,71.47,96,100,4.0,light rain
140,Kulu,TR,39.0951,33.0799,60.57,48,54,16.13,broken clouds
141,Kiunga,PG,-6.1219,141.2906,72.99,99,68,1.54,broken clouds
142,Machilipatnam,IN,16.1667,81.1333,93.2,49,44,14.03,scattered clouds
143,Naze,JP,28.3667,129.4833,61.92,88,100,13.62,light rain
144,Acapulco,MX,16.8634,-99.8901,85.82,66,0,10.36,clear sky
145,Valparaiso,CL,-33.0393,-71.6273,59.47,65,100,7.05,overcast clouds
146,Morros,BR,-9.4467,-46.3003,89.64,33,1,6.73,clear sky
147,Qaanaaq,GL,77.484,-69.3632,34.77,75,91,5.55,overcast clouds
148,Port Lincoln,AU,-34.7333,135.8667,62.42,67,86,13.29,overcast clouds
149,Carnarvon,AU,-24.8667,113.6333,71.51,60,31,10.89,scattered clouds
150,Carutapera,BR,-1.195,-46.02,81.36,86,43,6.17,heavy intensity rain
151,Sobolevo,RU,54.4299,31.8996,50.5,71,21,8.99,few clouds
152,Nelson Bay,AU,-32.7167,152.15,59.0,97,96,5.06,overcast clouds
153,Matay,EG,28.419,30.7792,84.65,14,0,9.13,clear sky
154,Gat,IL,31.61,34.7642,72.79,44,0,4.56,clear sky
155,La Palma,US,33.8464,-118.0467,67.05,82,100,4.61,overcast clouds
156,Yar-Sale,RU,66.8333,70.8333,38.91,94,100,4.38,overcast clouds
157,Santiago Del Estero,AR,-27.7951,-64.2615,78.46,32,4,13.33,clear sky
158,Qostanay,KZ,53.1667,63.5833,59.29,82,40,8.95,scattered clouds
159,Castro,BR,-24.7911,-50.0119,66.81,42,99,4.68,overcast clouds
160,Chokurdakh,RU,70.6333,147.9167,31.84,95,100,1.5,overcast clouds
161,Nikolskoye,RU,59.7035,30.7861,58.89,61,29,4.85,scattered clouds
162,Buraydah,SA,26.326,43.975,93.49,12,22,18.37,few clouds
163,Nemuro,JP,43.3236,145.575,45.3,88,99,15.97,overcast clouds
164,Hambantota,LK,6.1241,81.1185,80.26,83,98,17.65,overcast clouds
165,Nuuk,GL,64.1835,-51.7216,30.81,93,100,25.01,light snow
166,Mahebourg,MU,-20.4081,57.7,75.25,68,72,16.55,broken clouds
167,Touros,BR,-5.1989,-35.4608,80.89,81,46,12.59,light rain
168,Harper,LR,4.375,-7.7169,79.57,82,74,8.88,light rain
169,Ca Mau,VN,9.1769,105.15,78.76,86,100,2.8,overcast clouds
170,Inongo,CD,-1.95,18.2667,73.15,94,100,2.8,light rain
171,Provideniya,RU,64.3833,-173.3,47.05,52,100,2.86,overcast clouds
172,Bengkulu,ID,-3.8004,102.2655,77.95,85,95,4.43,light rain
173,Udachnyy,RU,66.4167,112.4,43.41,78,100,18.54,overcast clouds
174,Hajnowka,PL,52.7433,23.5812,58.86,65,53,4.12,broken clouds
175,Primo Tapia,MX,32.22,-116.9172,65.79,69,37,6.53,scattered clouds
176,Batticaloa,LK,7.7102,81.6924,83.43,67,95,6.82,overcast clouds
177,Lagoa,PT,39.05,-27.9833,61.54,86,100,16.51,overcast clouds
178,Bowen,AU,-20.0167,148.2333,67.15,89,1,6.8,clear sky
179,Severo-Kurilsk,RU,50.6789,156.125,40.71,98,100,14.83,light rain
180,Port Augusta,AU,-32.5,137.7667,56.79,66,8,5.08,clear sky
181,Nanortalik,GL,60.1432,-45.2371,35.73,79,94,14.16,overcast clouds
182,Kathmandu,NP,27.7167,85.3167,66.42,88,20,3.44,few clouds
183,Lakselv,NO,70.0513,24.9718,55.22,50,0,14.97,clear sky
184,Kutoarjo,ID,-7.7169,109.9128,76.86,89,99,3.11,overcast clouds
185,Tessalit,ML,20.1986,1.0114,98.92,15,1,14.76,clear sky
186,Hamilton,US,39.1834,-84.5333,62.31,66,100,5.99,overcast clouds
187,Ahipara,NZ,-35.1667,173.1667,53.82,69,66,5.08,broken clouds
188,Cairns,AU,-16.9167,145.7667,73.35,93,100,8.05,overcast clouds
189,Sidney,AU,-33.8679,151.2073,56.71,88,75,8.05,heavy intensity shower rain
190,Jibuti,DJ,11.5,42.5,93.36,20,24,6.73,few clouds
191,Sioux Lookout,CA,50.1001,-91.917,59.04,34,32,8.99,scattered clouds
192,Saint George,US,37.1041,-113.5841,75.79,19,0,4.0,clear sky
193,Lebu,CL,-37.6167,-73.65,50.92,71,100,0.98,overcast clouds
194,Kenai,US,60.5544,-151.2583,53.02,91,100,13.8,mist
195,Saldanha,ZA,-33.0117,17.9442,60.24,88,38,4.79,scattered clouds
196,Mandalgovi,MN,45.7625,106.2708,63.07,37,100,16.49,overcast clouds
197,San Patricio,US,28.017,-97.5169,86.72,48,47,14.05,scattered clouds
198,Djibo,BF,14.1022,-1.6306,95.9,24,18,11.12,few clouds
199,Dospat,BG,41.65,24.1667,54.07,86,93,2.93,overcast clouds
200,Labuhan,ID,-6.8844,112.2051,80.2,83,100,9.46,overcast clouds
201,Kushmurun,KZ,52.4503,64.6311,66.52,47,62,21.21,broken clouds
202,Tuensang,IN,26.2833,94.8333,65.84,96,31,2.17,scattered clouds
203,Cherskiy,RU,68.75,161.3,50.31,52,96,15.08,overcast clouds
204,Fortuna,US,40.5982,-124.1573,57.92,84,75,10.36,broken clouds
205,Vila Franca Do Campo,PT,37.7167,-25.4333,68.2,84,99,6.13,overcast clouds
206,Inhambane,MZ,-23.865,35.3833,64.8,82,0,7.25,clear sky
207,Kruisfontein,ZA,-34.0033,24.7314,59.88,84,71,4.34,broken clouds
208,Sitka,US,57.0531,-135.33,45.68,89,100,4.32,light rain
209,Kahului,US,20.8947,-156.47,76.84,82,10,11.01,clear sky
210,Airai,TL,-8.9266,125.4092,59.36,82,47,2.64,scattered clouds
211,Kapit,MY,2.0167,112.9333,74.88,96,96,0.76,overcast clouds
212,Bilma,NE,18.6853,12.9164,98.01,7,99,4.85,overcast clouds
213,Grong,NO,64.4654,12.3149,63.68,49,94,14.05,light rain
214,Olinda,BR,-8.0089,-34.8553,80.33,83,75,13.8,light rain
215,Nizhniy Kuranakh,RU,58.8353,125.4869,41.52,75,17,3.33,few clouds
216,Asau,RO,46.4333,26.4,60.28,89,93,1.28,overcast clouds
217,Cotonou,BJ,6.3654,2.4183,83.48,69,90,6.42,overcast clouds
218,Yako,BF,12.9667,-2.2667,91.74,32,62,12.59,broken clouds
219,Sabinopolis,BR,-18.6661,-43.0839,75.87,38,7,4.5,clear sky
220,Vanavara,RU,60.34,102.2797,52.63,70,49,5.64,scattered clouds
221,Santo Estevao,BR,-12.4303,-39.2514,71.85,80,100,5.99,overcast clouds
222,Kirakira,SB,-10.4544,161.9205,79.25,84,48,5.5,scattered clouds
223,Sakakah,SA,29.9697,40.2064,80.42,21,0,13.02,clear sky
224,Sarangani,PH,5.4033,125.4636,82.76,73,81,3.04,broken clouds
225,Mezen,RU,65.8522,44.24,30.61,93,100,13.51,light snow
226,Esso,RU,55.9333,158.7,33.35,96,83,3.13,broken clouds
227,Bayan,CN,46.0833,127.4,59.83,71,47,3.51,scattered clouds
228,East London,ZA,-33.0153,27.9116,64.58,71,6,2.57,clear sky
229,Kodiak,US,57.79,-152.4072,45.91,87,100,14.97,overcast clouds
230,Bavaniste,RS,44.8189,20.8758,75.38,53,91,8.99,overcast clouds
231,Puqi,CN,29.7167,113.8833,67.82,88,75,2.71,broken clouds
232,Teguldet,RU,57.3064,88.1667,50.7,62,14,3.69,few clouds
233,Lasa,IT,46.6166,10.7002,72.36,67,91,6.93,overcast clouds
234,Shingu,JP,33.7333,135.9833,62.15,74,100,5.46,overcast clouds
235,Pulaski,US,34.7668,-92.3001,68.11,71,100,6.91,overcast clouds
236,Laguna,US,38.421,-121.4238,82.15,34,0,8.05,clear sky
237,Black Forest,US,39.0131,-104.7008,48.97,73,75,10.36,broken clouds
238,Sao Joao Da Barra,BR,-21.6403,-41.0511,75.29,64,29,11.43,scattered clouds
239,Ribeira Grande,PT,38.5167,-28.7,64.8,94,75,12.66,broken clouds
240,Kidal,ML,18.4411,1.4078,97.99,20,35,12.35,scattered clouds
241,Guerrero Negro,MX,27.9769,-114.0611,65.64,61,25,13.31,scattered clouds
242,Tolaga Bay,NZ,-38.3667,178.3,49.91,86,56,4.94,broken clouds
243,Antofagasta,CL,-23.65,-70.4,65.89,68,39,6.38,scattered clouds
244,Faanui,PF,-16.4833,-151.75,81.07,72,10,14.7,clear sky
245,Poso,ID,-1.3959,120.7524,77.45,87,85,3.74,overcast clouds
246,Padang,ID,-0.9492,100.3543,78.31,86,51,4.07,broken clouds
247,Vung Tau,VN,10.346,107.0843,81.37,77,100,6.11,overcast clouds
248,Norman Wells,CA,65.282,-126.8329,44.53,42,69,3.85,broken clouds
249,Mar Del Plata,AR,-38.0023,-57.5575,62.62,70,75,4.61,broken clouds
250,Hibbing,US,47.4272,-92.9377,60.15,35,100,4.61,overcast clouds
251,Tura,IN,25.5198,90.2201,73.42,88,0,4.94,clear sky
252,Paita,PE,-5.0892,-81.1144,71.4,70,24,12.95,few clouds
253,Shu,KZ,43.5983,73.7614,55.11,57,89,7.9,overcast clouds
254,Trelew,AR,-43.249,-65.3051,54.5,31,26,19.73,scattered clouds
255,Broome,US,42.2506,-75.833,65.66,56,40,11.5,scattered clouds
256,West Lafayette,US,40.4259,-86.9081,63.61,43,0,13.8,clear sky
257,Lerwick,GB,60.1545,-1.1494,51.8,73,81,4.97,broken clouds
258,Husavik,IS,66.0449,-17.3389,40.35,83,85,3.83,overcast clouds
259,Batemans Bay,AU,-35.7167,150.1833,55.09,83,95,4.09,overcast clouds
260,Poyarkovo,RU,49.6,128.6833,45.32,86,89,6.85,overcast clouds
261,Sortland,NO,68.6949,15.4162,57.16,53,55,2.98,broken clouds
262,Katsuura,JP,35.1333,140.3,61.7,79,87,4.12,overcast clouds
263,Tabou,CI,4.423,-7.3528,79.23,84,80,9.48,light rain
264,Yumen,CN,40.2833,97.2,75.16,15,100,28.41,overcast clouds
265,Cervo,ES,43.6702,-7.4101,61.97,69,28,16.17,scattered clouds
266,Matara,LK,5.9485,80.5353,78.28,90,100,10.29,overcast clouds
267,Biltine,TD,14.5333,20.9167,96.57,10,49,13.51,scattered clouds
268,Mosquera,CO,4.7059,-74.2302,68.09,45,75,6.91,broken clouds
269,Taksimo,RU,56.3444,114.8794,46.8,74,64,4.9,broken clouds
270,Inuvik,CA,68.3499,-133.7218,28.83,70,36,4.9,scattered clouds
271,Sorland,NO,67.667,12.6934,51.66,80,100,14.09,overcast clouds
272,Morondava,MG,-20.2833,44.2833,77.85,74,0,11.88,clear sky
273,Guane,CU,22.2025,-84.0875,89.78,51,100,9.71,overcast clouds
274,Mongu,ZM,-15.2484,23.1274,61.61,36,0,5.55,clear sky
275,Donegal,IE,54.65,-8.1167,53.65,71,67,10.38,broken clouds
276,Ixtapa,MX,20.7,-105.2,79.83,65,20,9.22,few clouds
277,Geraldton,AU,-28.7667,114.6,66.61,68,75,18.41,broken clouds
278,Tiznit,MA,29.5833,-9.5,80.29,42,83,10.47,broken clouds
279,Boa Vista,BR,2.8197,-60.6733,84.18,70,75,5.75,broken clouds
280,Biak,ID,-0.9131,122.8766,76.96,86,86,2.82,overcast clouds
281,Bontang,ID,0.1333,117.5,79.16,83,94,3.42,overcast clouds
282,Rio Gallegos,AR,-51.6226,-69.2181,37.45,60,0,20.71,clear sky
283,Ilulissat,GL,69.2167,-51.1,35.62,87,75,8.05,broken clouds
284,Kabarnet,KE,0.4919,35.743,58.21,91,47,5.46,moderate rain
285,Kaeo,NZ,-35.1,173.7833,49.96,81,3,4.38,clear sky
286,Praia Da Vitoria,PT,38.7333,-27.0667,65.75,83,100,10.98,overcast clouds
287,Pilani,IN,28.3684,75.6041,77.59,63,83,21.25,broken clouds
288,Bodden Town,KY,19.2833,-81.25,86.0,74,20,11.5,haze
289,Tiksi,RU,71.6872,128.8694,32.11,98,100,2.19,overcast clouds
290,Dromolaxia,CY,34.8761,33.586,78.46,41,0,12.66,clear sky
291,Arman,RU,59.7,150.1667,33.85,98,100,1.81,overcast clouds
292,Takoradi,GH,4.8845,-1.7554,80.26,81,96,8.39,moderate rain
293,Den Helder,NL,52.9599,4.7593,55.98,94,100,18.99,overcast clouds
294,Katherine,AU,-14.4667,132.2667,68.32,64,60,4.61,broken clouds
295,Kalangala,UG,-0.3089,32.225,74.55,64,13,6.98,few clouds
296,Mirabad,AF,30.4362,61.8383,85.01,7,0,7.81,clear sky
297,Neuquen,AR,-38.9516,-68.0591,54.03,41,89,10.33,moderate rain
298,Zwedru,LR,6.0667,-8.1281,77.13,94,98,4.5,moderate rain
299,Agadez,NE,19.75,10.25,97.95,7,76,6.96,broken clouds
300,Krasnyy Chikoy,RU,50.3643,108.7512,43.07,60,57,4.36,broken clouds
301,Port Blair,IN,11.6667,92.75,82.89,83,100,20.74,overcast clouds
302,Dali,CN,25.7,100.1833,62.69,87,31,3.22,scattered clouds
303,Ostrovnoy,RU,68.0531,39.5131,31.64,90,100,18.12,light snow
304,Ponta Do Sol,PT,32.6667,-17.1,72.72,71,12,2.15,few clouds
305,Banda Aceh,ID,5.5577,95.3222,81.01,81,97,12.8,overcast clouds
306,Kita,ML,13.0349,-9.4895,96.85,25,74,9.98,broken clouds
307,Stepnyak,KZ,52.8339,70.7803,57.51,62,98,10.76,overcast clouds
308,Nichinan,JP,31.6,131.3667,62.92,87,17,7.0,few clouds
309,Careiro Da Varzea,BR,-3.2003,-59.8119,84.81,55,13,2.51,few clouds
310,Clyde River,CA,70.4692,-68.5914,17.83,73,0,19.57,clear sky
311,Edea,CM,3.8,10.1333,73.0,99,100,1.57,light rain
312,Roma,US,43.2128,-75.4557,66.96,54,75,10.36,broken clouds
313,Kyra,RU,49.5776,111.9753,49.24,53,100,3.96,overcast clouds
314,Trat,TH,12.5,102.5,75.81,95,100,2.24,overcast clouds
315,Sinnamary,GF,5.3833,-52.95,80.58,80,44,4.85,scattered clouds
316,Mogadishu,SO,2.0371,45.3438,80.28,85,61,18.41,broken clouds
317,Carros,FR,43.7894,7.184,76.3,74,0,8.05,clear sky
318,Liaocheng,CN,36.4439,115.9647,73.47,28,94,6.02,overcast clouds
319,Wamba,NG,8.9333,8.6,85.59,57,92,5.75,light rain
320,Luganville,VU,-15.5333,167.1667,77.5,88,72,3.09,broken clouds
321,Abu Dhabi,AE,24.4667,54.3667,89.71,78,0,6.91,clear sky
322,Nichlaul,IN,27.3167,83.7333,80.6,53,17,9.71,few clouds
323,Rio Grande,BR,-32.035,-52.0986,69.91,63,11,7.31,few clouds
324,La Libertad,EC,-2.2333,-80.9,73.06,78,100,12.66,overcast clouds
325,Aksu,CN,41.1231,80.2644,79.21,20,100,8.28,overcast clouds
326,Tartus,SY,34.889,35.8866,68.5,82,0,24.96,clear sky
327,Caravelas,BR,-17.7125,-39.2481,73.76,72,67,7.23,broken clouds
328,Lhokseumawe,ID,5.1801,97.1507,79.59,87,96,4.09,overcast clouds
329,Lokoja,NG,7.8024,6.743,86.29,59,82,6.96,broken clouds
330,Cockburn Town,TC,21.4612,-71.1419,79.25,76,46,16.33,scattered clouds
331,Torbay,CA,47.6666,-52.7314,65.28,41,13,21.56,few clouds
332,Richards Bay,ZA,-28.783,32.0377,65.53,83,91,6.87,overcast clouds
333,Hami,CN,42.8,93.45,85.03,12,100,9.15,overcast clouds
334,Nhulunbuy,AU,-12.2333,136.7667,79.41,83,40,6.91,scattered clouds
335,High Level,CA,58.5169,-117.136,44.92,58,100,6.62,overcast clouds
336,Longyearbyen,SJ,78.2186,15.6401,35.44,93,75,0.0,broken clouds
337,Ranot,TH,7.7777,100.3213,82.8,79,100,10.96,overcast clouds
338,Suraabad,AZ,40.8192,49.4687,61.43,84,82,17.38,light rain
339,Itatinga,BR,-23.1017,-48.6158,72.88,33,67,6.17,broken clouds
340,Kieta,PG,-6.2167,155.6333,78.78,84,36,2.95,light rain
341,Pandharpur,IN,17.6667,75.3333,85.28,53,24,22.57,few clouds
342,Coquimbo,CL,-29.9533,-71.3436,65.93,59,0,12.66,clear sky
343,Nome,US,64.5011,-165.4064,48.27,66,20,0.0,few clouds
344,Marzuq,YE,14.4,46.4667,81.73,24,8,4.68,clear sky
345,Cluj-Napoca,RO,46.7667,23.6,63.88,42,0,8.05,clear sky
346,Chitral,PK,35.8462,71.7858,64.98,40,66,2.62,broken clouds
347,Smithers,CA,54.7804,-127.1743,51.78,59,99,4.47,overcast clouds
348,Aldan,RU,58.6031,125.3894,38.46,73,12,3.56,few clouds
349,Puerto Palomas,MX,31.7667,-107.6167,78.06,20,26,5.53,scattered clouds
350,Gboko,NG,7.3179,8.9951,77.76,79,100,12.26,overcast clouds
351,Sao Francisco,BR,-15.9486,-44.8644,88.61,22,0,4.16,light rain
352,Formosa,AR,-26.1775,-58.1781,76.98,50,0,2.3,clear sky
353,Aesch,CH,47.471,7.5973,69.35,71,75,9.22,broken clouds
354,Sola,VU,-13.8833,167.55,80.62,76,68,4.85,broken clouds
355,Sao Filipe,CV,14.8961,-24.4956,72.27,73,4,11.01,clear sky
356,Kentau,KZ,43.5206,68.5094,62.74,33,5,20.87,clear sky
357,Bandarbeyla,SO,9.4942,50.8122,81.07,83,67,28.14,broken clouds
358,Kuruman,ZA,-27.4524,23.4325,54.0,49,2,6.73,clear sky
359,Brandon,US,27.9378,-82.2859,92.05,65,40,5.01,scattered clouds
360,Boyolangu,ID,-8.1181,111.8935,75.34,85,98,1.52,overcast clouds
361,Praya,CV,14.9215,-23.5087,77.54,57,40,10.36,scattered clouds
362,Beihai,CN,21.4833,109.1,79.09,89,92,14.18,overcast clouds
363,Konnur,IN,16.2,74.75,77.79,79,32,15.99,scattered clouds
364,Avera,US,33.194,-82.5271,74.71,92,100,5.08,overcast clouds
365,Leningradskiy,RU,69.3833,178.4167,33.91,87,42,4.36,scattered clouds
366,Chik,RU,54.9928,82.4311,58.75,44,0,4.47,clear sky
367,Alofi,NU,-19.0595,-169.9187,69.69,100,40,3.44,scattered clouds
368,Riyadh,SA,24.6877,46.7219,98.31,8,0,12.39,clear sky
369,Havre-Saint-Pierre,CA,50.2334,-63.5986,49.68,55,16,13.71,few clouds
370,Galle,LK,6.0367,80.217,79.48,87,99,12.12,overcast clouds
371,Shuangcheng,CN,45.35,126.2833,64.74,54,45,9.8,scattered clouds
372,Iqaluit,CA,63.7506,-68.5145,18.7,62,97,17.0,overcast clouds
373,Talisayan,PH,6.9872,121.9272,78.62,85,87,3.71,overcast clouds
374,Chibuto,MZ,-24.6867,33.5306,58.6,97,68,3.96,light rain
375,Coihaique,CL,-45.5752,-72.0662,39.81,87,100,10.36,light intensity shower rain
376,Gao,ML,16.6362,1.637,94.59,25,100,6.96,overcast clouds
377,Kalabo,ZM,-14.97,22.6814,61.93,36,3,5.59,clear sky
378,Cody,US,44.5263,-109.0565,55.04,44,75,9.22,broken clouds
379,Vytegra,RU,61.0064,36.4481,38.64,68,100,13.11,overcast clouds
380,Rawson,AR,-43.3002,-65.1023,54.18,35,29,19.89,scattered clouds
381,Bambous Virieux,MU,-20.3428,57.7575,75.22,69,78,16.51,broken clouds
382,Tual,ID,-5.6667,132.75,83.39,75,44,15.61,scattered clouds
383,Salinopolis,BR,-0.6136,-47.3561,79.29,84,98,4.47,overcast clouds
384,Morogoro,TZ,-6.8167,37.6667,71.24,70,20,3.02,few clouds
385,Yulara,AU,-25.2406,130.9889,64.76,42,100,7.09,overcast clouds
386,Bela,IN,25.9333,81.9833,85.86,39,63,11.61,broken clouds
387,Greenville,US,35.6127,-77.3663,84.13,68,100,3.44,overcast clouds
388,Namibe,AO,-15.1961,12.1522,71.44,70,0,8.32,clear sky
389,Socorro,US,31.6546,-106.3033,79.5,30,0,8.05,clear sky
390,Liaozhong,CN,41.5061,122.7242,69.91,47,84,15.03,broken clouds
391,Mustvee,EE,58.8486,26.9397,58.08,61,46,3.98,scattered clouds
392,Mikuni,JP,36.2171,136.1519,57.11,83,100,3.71,overcast clouds
393,Anchorage,US,61.2181,-149.9003,57.63,48,0,11.5,clear sky
394,Mitu,CO,1.1983,-70.1733,88.68,50,19,3.33,few clouds
395,Umm Lajj,SA,25.0213,37.2685,78.13,63,2,14.58,clear sky
396,Sangmelima,CM,2.9333,11.9833,68.31,99,100,0.45,overcast clouds
397,Mandla,IN,22.6,80.3833,88.57,30,21,3.89,few clouds
398,Yerbogachen,RU,61.2767,108.0108,52.92,68,97,5.86,overcast clouds
399,Mildura,AU,-34.2,142.15,54.7,69,0,8.59,clear sky
400,Pipri,IN,19.8,75.5333,84.52,52,0,21.83,clear sky
401,Saint-Denis,FR,48.9167,2.3333,62.76,89,100,14.97,overcast clouds
402,Straumen,NO,63.8709,11.2999,62.6,59,100,7.45,overcast clouds
403,Muroto,JP,33.2833,134.15,68.67,74,98,7.58,overcast clouds
404,Santa Fe,AR,-31.6333,-60.7,74.01,56,60,5.01,broken clouds
405,Maun,BW,-19.9833,23.4167,59.77,36,0,4.81,clear sky
406,Maceio,BR,-9.6658,-35.7353,83.64,61,75,14.97,broken clouds
407,Taltal,CL,-25.4,-70.4833,65.98,66,4,3.94,clear sky
408,Vangaindrano,MG,-23.35,47.6,70.3,89,17,5.82,few clouds
409,Bousse,BF,12.6606,-1.8922,87.71,39,48,12.82,scattered clouds
410,Ancud,CL,-41.8697,-73.8203,48.97,79,93,17.81,light rain
411,Vagamo,NO,61.8751,9.0967,52.21,82,100,8.23,overcast clouds
412,Ishigaki,JP,24.3448,124.1572,78.85,83,100,3.24,overcast clouds
413,Bonavista,CA,48.6499,-53.1147,55.02,76,35,20.51,light rain
414,Banes,CU,20.9625,-75.7186,84.25,63,100,16.26,overcast clouds
415,Saint-Augustin,CA,51.226,-58.6502,54.88,49,28,17.38,scattered clouds
416,Huarmey,PE,-10.0681,-78.1522,70.21,71,14,11.45,few clouds
417,Sawtell,AU,-30.3833,153.1,59.18,88,100,10.36,overcast clouds
418,Abbeville,FR,50.1,1.8333,58.24,88,100,14.85,overcast clouds
419,Minab,IR,27.1467,57.0801,92.43,31,0,0.4,clear sky
420,Vardo,NO,70.3705,31.1107,37.38,87,75,18.41,broken clouds
421,Tukrah,LY,32.5341,20.5791,71.17,38,0,2.19,clear sky
422,Kargil,IN,34.5667,76.1,46.13,41,89,1.68,overcast clouds
423,Moose Factory,CA,51.2585,-80.6094,64.85,22,1,11.77,clear sky
424,Chemal,RU,51.4111,86.005,50.54,79,71,0.85,broken clouds
425,Nerchinskiy Zavod,RU,51.3088,119.61,40.17,71,0,2.8,clear sky
426,Baruun-Urt,MN,46.6806,113.2792,57.27,56,100,14.25,overcast clouds
427,Safaga,EG,26.7292,33.9365,80.96,44,0,12.01,clear sky
428,Jiaonan,CN,35.8786,119.9753,66.49,70,82,12.57,broken clouds
429,Saint-Pierre,RE,-21.3393,55.4781,73.08,83,0,13.8,clear sky
430,Maniitsoq,GL,65.4167,-52.9,29.1,95,100,17.29,snow
431,Maine-Soroa,NE,13.2114,12.0241,97.74,8,40,9.08,scattered clouds
432,Murdochville,CA,48.9583,-65.5006,47.48,46,58,13.85,broken clouds
433,Peleduy,RU,59.6289,112.7406,50.32,85,82,3.83,broken clouds
434,Pedernales,DO,18.0384,-71.744,85.53,59,84,6.91,broken clouds
435,Enfield,AU,-34.8526,138.6026,62.49,63,26,9.22,scattered clouds
436,Seminole,US,28.7086,-81.2081,92.14,61,20,5.75,few clouds
437,Marystown,CA,47.1666,-55.1483,51.85,100,71,8.01,broken clouds
438,Goodyear,US,33.4353,-112.3582,88.9,12,0,4.0,clear sky
439,Marrakesh,MA,31.6315,-8.0083,96.87,24,40,5.75,scattered clouds
440,Moa,CU,20.6569,-74.9403,82.44,71,100,13.15,overcast clouds
441,Roquetas De Mar,ES,36.7642,-2.6148,79.61,61,9,4.23,clear sky
442,Keroka,KE,-0.7758,34.9453,56.32,95,79,1.9,broken clouds
443,Khovu-Aksy,RU,51.1333,93.6,51.67,82,16,4.41,few clouds
444,Yima,CN,34.7381,111.8839,68.58,54,26,2.84,scattered clouds
445,Wukari,NG,7.85,9.7833,79.43,77,99,7.74,overcast clouds
446,Sinj,HR,43.7036,16.6394,73.54,77,76,3.74,broken clouds
447,Adrar,MR,20.5022,-10.0711,105.75,7,22,4.74,few clouds
448,Teguise,ES,29.0605,-13.564,71.82,57,40,20.71,scattered clouds
449,Shimoda,JP,34.6667,138.95,64.09,83,100,5.1,overcast clouds
450,Pevek,RU,69.7008,170.3133,36.46,82,84,11.45,broken clouds
451,Presque Isle,US,46.6811,-68.0159,54.03,53,40,17.27,scattered clouds
452,Sulphur,US,30.2366,-93.3774,75.18,78,100,8.05,overcast clouds
453,Manokwari,ID,-0.8667,134.0833,78.89,80,73,2.48,moderate rain
454,Kon Tum,VN,14.35,108.0,70.14,99,87,1.59,overcast clouds
455,Bilibino,RU,68.0546,166.4372,43.88,68,69,2.66,broken clouds
456,Puerto Escondido,MX,15.85,-97.0667,86.83,74,20,5.75,few clouds
457,Ust-Maya,RU,60.4167,134.5333,38.12,80,42,1.92,scattered clouds
458,Aswan,EG,24.0934,32.907,86.72,12,0,11.43,clear sky
459,Emerald,AU,-23.5333,148.1667,58.33,88,54,13.13,broken clouds
460,Pochutla,MX,15.7432,-96.4661,90.82,35,1,9.24,clear sky
461,Ilhabela,BR,-23.7781,-45.3581,72.9,65,91,4.18,overcast clouds
462,Yurginskoye,RU,56.8189,67.3921,47.84,98,100,5.55,overcast clouds
463,Berdigestyakh,RU,62.0989,126.6992,45.97,70,85,2.21,overcast clouds
464,Pacific Grove,US,36.6177,-121.9166,70.21,76,0,8.01,clear sky
465,Veraval,IN,20.9,70.3667,84.65,74,63,18.07,broken clouds
466,Hasaki,JP,35.7333,140.8333,55.8,76,81,3.11,broken clouds
467,Makaryev,RU,57.8797,43.8069,32.85,98,100,6.35,light snow
468,Najran,SA,17.4924,44.1277,84.63,9,1,5.1,clear sky
469,Basco,PH,20.4487,121.9702,82.71,76,99,6.24,overcast clouds
470,Mareeba,AU,-17.0,145.4333,68.72,96,51,1.81,broken clouds
471,Camargo,MX,27.6667,-105.1667,79.18,36,24,4.94,few clouds
472,Korla,CN,41.7597,86.1469,78.8,19,91,11.92,overcast clouds
473,Comodoro Rivadavia,AR,-45.8667,-67.5,48.06,40,0,16.11,clear sky
474,Muros,ES,42.7762,-9.0603,67.68,57,17,14.23,few clouds
475,Keetmanshoop,NA,-26.5833,18.1333,66.94,27,71,6.8,broken clouds
476,Georgiyevka,KZ,43.0369,74.7114,55.44,82,40,8.95,scattered clouds
477,Hinton,CA,53.4001,-117.5857,59.43,32,51,5.97,broken clouds
478,Sao Joao Do Paraiso,BR,-15.3136,-42.0144,82.92,29,0,7.29,clear sky
479,Parati,BR,-23.2178,-44.7131,78.24,51,64,4.09,broken clouds
480,Pangnirtung,CA,66.1451,-65.7125,14.16,76,16,11.95,few clouds
481,Mulege,MX,26.8833,-111.9833,84.04,31,0,6.06,clear sky
482,Kingaroy,AU,-26.5333,151.8333,57.24,100,100,9.22,light rain
483,Luderitz,NA,-26.6481,15.1594,62.64,57,65,3.78,broken clouds
484,Farah,AF,32.5,62.5,76.35,9,0,5.88,clear sky
485,Matadi,CD,-5.8167,13.45,78.69,72,89,2.39,overcast clouds
486,Waingapu,ID,-9.6567,120.2641,77.09,85,8,5.64,clear sky
487,Fort Nelson,CA,58.8053,-122.7002,51.04,57,100,2.21,overcast clouds
488,Flinders,AU,-34.5833,150.8552,57.18,92,100,3.0,overcast clouds
489,Ishinomaki,JP,38.4167,141.3,53.83,89,1,5.93,clear sky
490,Sangueya,GN,10.7,-14.3667,89.19,47,6,12.17,clear sky
491,Eyl,SO,7.9803,49.8164,81.5,79,97,27.54,overcast clouds
492,Tire,TR,38.0888,27.7351,77.74,50,9,2.44,clear sky
493,Nisia Floresta,BR,-6.0911,-35.2086,79.61,79,91,13.2,overcast clouds
494,Pleasanton,US,37.6624,-121.8747,77.16,46,0,5.75,clear sky
495,Vestmannaeyjar,IS,63.4427,-20.2734,48.16,78,8,8.32,clear sky
496,Ossora,RU,59.2353,163.0719,34.72,98,11,2.8,few clouds
497,Henties Bay,NA,-22.116,14.2845,63.09,63,50,6.13,scattered clouds
498,Leshukonskoye,RU,64.8989,45.7622,32.23,96,100,8.41,light snow
499,Ekhabi,RU,53.5102,142.9671,33.3,93,100,10.96,overcast clouds
500,Buluang,PH,13.3068,123.3425,77.56,89,66,1.3,broken clouds
501,Edzell,GB,56.8095,-2.6549,59.52,89,100,4.79,overcast clouds
502,Sibu,MY,2.3,111.8167,74.64,97,98,1.48,overcast clouds
503,Moranbah,AU,-22.0016,148.0466,60.91,92,38,12.48,scattered clouds
504,Melekhovo,RU,56.2773,41.2935,41.67,59,100,10.0,overcast clouds
505,Sinegorskiy,RU,48.0139,40.8447,51.21,74,100,5.28,overcast clouds
506,Praia,CV,14.9215,-23.5087,77.54,57,40,10.36,scattered clouds
507,Honningsvag,NO,70.9821,25.9704,49.75,62,0,14.97,clear sky
508,Lipin Bor,RU,60.2622,37.9763,37.02,83,100,14.83,light rain
509,Popondetta,PG,-8.7537,148.2534,72.19,96,17,2.95,few clouds
510,Salekhard,RU,66.53,66.6019,38.12,93,100,5.91,overcast clouds
511,Isiro,CD,2.7739,27.616,67.59,98,93,2.48,light rain
512,Mount Isa,AU,-20.7333,139.5,64.17,55,0,8.05,clear sky
513,Jaffrey,US,42.814,-72.0231,69.67,45,0,8.05,clear sky
514,Leh,IN,34.1667,77.5833,49.17,36,51,4.52,broken clouds
515,Zhangye,CN,38.9342,100.4517,73.78,20,100,11.05,overcast clouds
516,La Paz,BO,-16.5,-68.15,53.51,15,0,5.95,clear sky
517,Kilindoni,TZ,-7.9139,39.6668,80.2,79,64,12.95,broken clouds
518,Olafsvik,IS,64.8945,-23.7142,45.05,74,70,4.47,broken clouds
519,Plon,DE,54.1667,10.4167,72.14,69,90,15.03,overcast clouds
520,Hirtshals,DK,57.5881,9.9592,58.75,74,96,15.95,overcast clouds
521,Roswell,US,34.0232,-84.3616,72.09,94,100,13.8,light rain
522,Pipar,IN,26.3856,73.5378,91.99,37,0,20.69,clear sky
523,Melnikovo,RU,56.5558,84.085,48.25,53,10,3.29,clear sky
524,Yarim,YE,14.298,44.3779,66.22,34,5,2.84,clear sky
525,Machali,CL,-34.1833,-70.6667,61.38,48,100,2.75,moderate rain
526,Matehuala,MX,23.65,-100.65,78.71,44,9,11.68,clear sky
527,Westport,US,41.1415,-73.3579,74.44,45,0,5.01,clear sky
528,Filadelfia,US,39.9523,-75.1638,75.38,45,75,10.36,broken clouds
529,Noumea,NC,-22.2763,166.4572,75.99,99,100,10.69,overcast clouds
530,Asyut,EG,27.181,31.1837,84.99,15,0,9.48,clear sky
531,Neiafu,TO,-18.65,-173.9833,79.48,83,20,8.05,few clouds
532,Boca Do Acre,BR,-8.7522,-67.3978,88.75,48,54,4.25,broken clouds
533,Tabuk,PH,17.4189,121.4443,75.4,94,100,1.52,moderate rain
534,Salitral,PE,-4.8572,-80.6811,81.72,47,50,8.72,scattered clouds
535,Batagay-Alyta,RU,67.8006,130.4114,29.55,86,67,3.36,broken clouds
536,Nishihara,JP,26.1842,127.7558,70.88,97,100,20.71,mist
537,Vila,PT,42.0304,-8.1588,58.08,69,97,8.16,overcast clouds
538,General Cepeda,MX,25.3833,-101.45,78.06,38,6,1.81,clear sky
539,Itarema,BR,-2.9248,-39.9167,82.9,74,84,6.96,broken clouds
540,Andenes,NO,69.3143,16.1194,57.18,54,0,11.5,clear sky
541,Badou,TG,7.5833,0.6,79.74,82,98,0.45,light rain
542,Wattegama,LK,6.7989,81.4808,77.36,81,78,7.85,broken clouds
543,Samarai,PG,-10.6167,150.6667,81.48,78,19,7.85,few clouds
544,Ngunguru,NZ,-35.6167,174.5,53.85,72,33,5.55,scattered clouds
545,Auki,SB,-8.7676,160.7034,77.04,89,34,2.51,scattered clouds
546,Englewood,US,39.6478,-104.9878,57.49,61,75,14.97,broken clouds
547,La Asuncion,VE,11.0333,-63.8628,80.8,73,79,16.55,broken clouds
548,Japura,ID,-0.3167,102.35,76.73,94,74,1.45,broken clouds
549,Bajil,YE,15.0584,43.2851,88.29,56,2,7.34,clear sky
550,Thinadhoo,MV,0.5333,72.9333,84.43,74,76,13.35,broken clouds
551,Mattru,SL,7.6244,-11.8332,80.73,86,84,4.81,moderate rain
552,Chimoio,MZ,-19.1164,33.4833,59.52,82,0,3.62,clear sky
553,Bani,DO,18.2833,-70.3333,85.86,57,23,13.02,few clouds
554,Burnie,AU,-41.0667,145.9167,47.95,80,23,5.91,few clouds
555,Ukiah,US,39.1502,-123.2078,77.43,38,0,5.75,clear sky
556,Evensk,RU,61.95,159.2333,39.51,82,74,3.02,broken clouds
557,Lincoln,US,40.8,-96.667,65.28,51,75,9.22,broken clouds
558,Borogontsy,RU,62.6683,131.1683,38.66,95,32,3.78,scattered clouds
559,Lishui,CN,28.4604,119.9103,64.76,97,100,1.74,light rain
560,Bathsheba,BB,13.2167,-59.5167,86.61,66,20,17.27,few clouds
561,Isfana,KG,39.8386,69.5306,54.16,63,7,2.84,clear sky
562,Limbang,MY,4.75,115.0,82.51,92,96,2.53,overcast clouds
563,Kloulklubed,PW,7.0419,134.2556,83.41,77,77,12.68,moderate rain
564,Miki,JP,34.8,134.9833,65.28,59,100,4.47,overcast clouds
565,Quzhou,CN,28.9594,118.8686,65.07,96,100,3.18,overcast clouds
566,Fukue,JP,32.6881,128.8419,68.32,77,100,11.21,overcast clouds
567,Ndola,ZM,-12.9587,28.6366,62.89,55,24,4.68,few clouds
568,Ozernovskiy,RU,51.5,156.5167,43.02,90,100,7.31,overcast clouds
569,Tucuman,AR,-26.8241,-65.2226,71.6,49,0,5.75,clear sky
570,Laranja Da Terra,BR,-19.8989,-41.0567,77.49,51,34,3.24,scattered clouds
571,Jaque,PA,7.5175,-78.1703,80.15,86,100,5.12,light rain
572,Cam Ranh,VN,11.9214,109.1591,84.16,74,20,1.14,few clouds
573,Mahibadhoo,MV,3.7833,72.9667,83.61,77,66,12.75,broken clouds
574,Jiuquan,CN,39.7432,98.5174,74.44,16,86,19.1,overcast clouds
575,Panlaitan,PH,12.1191,119.8486,82.27,74,64,3.22,broken clouds
576,Ilanskiy,RU,56.2358,96.065,53.62,86,59,5.99,broken clouds
577,Belmonte,BR,-15.8631,-38.8828,75.7,75,77,10.6,broken clouds
578,Ambilobe,MG,-13.2,49.05,74.8,75,84,3.51,broken clouds
579,Clarence Town,AU,-32.5833,151.7833,58.86,98,82,0.78,broken clouds
580,Parrita,CR,9.5201,-84.3225,84.31,74,79,6.53,broken clouds
581,Kalmunai,LK,7.4167,81.8167,83.26,71,89,2.68,overcast clouds
582,Nauta,PE,-4.5061,-73.5757,87.69,58,82,3.0,broken clouds
583,Buta,CD,2.7858,24.73,75.33,82,88,2.59,overcast clouds
584,Tehachapi,US,35.1322,-118.449,77.4,28,6,11.99,clear sky
585,Kiama,AU,-34.6833,150.8667,57.38,93,100,1.99,overcast clouds
586,Imbituba,BR,-28.24,-48.6703,72.09,77,73,13.0,broken clouds
587,Itaueira,BR,-7.6033,-43.0256,92.28,30,4,9.22,clear sky
588,Chauk,MM,20.8833,94.8167,84.83,65,90,14.88,overcast clouds
589,Sindang,ID,-7.0047,108.335,70.45,92,100,0.94,overcast clouds
590,Tumkur,IN,13.3422,77.1017,76.84,74,51,8.66,broken clouds
591,Russell,US,32.3502,-85.1999,80.11,69,75,13.8,broken clouds
592,Qaqortoq,GL,60.7167,-46.0333,37.81,66,97,8.32,overcast clouds
593,San Carlos De Bariloche,AR,-41.1456,-71.3082,35.35,93,100,10.36,light rain
594,Varhaug,NO,58.6147,5.6457,60.85,74,100,22.32,overcast clouds
595,Strezhevoy,RU,60.7333,77.5889,52.47,62,91,10.2,overcast clouds
596,Mehamn,NO,71.0357,27.8492,44.51,73,41,10.33,scattered clouds
597,Rocha,UY,-34.4833,-54.3333,64.63,58,97,7.38,overcast clouds
598,Polunochnoye,RU,60.8697,60.4153,35.89,90,78,3.71,broken clouds
599,Half Moon Bay,US,37.4636,-122.4286,75.87,57,0,10.36,clear sky
600,Calbuco,CL,-41.768,-73.1273,49.21,82,100,15.48,light rain
601,Salisbury,GB,51.0693,-1.7957,58.68,82,75,4.61,broken clouds
602,Mossendjo,CG,-2.9506,12.7261,70.84,87,100,2.42,overcast clouds
603,Yagodnoye,RU,62.55,149.6667,27.28,87,44,6.13,scattered clouds
604,Zyryanka,RU,65.75,150.85,46.99,82,100,11.3,light rain
605,Saint-Georges,GD,12.0564,-61.7485,80.42,76,100,14.43,overcast clouds
606,Kununurra,AU,-15.7667,128.7333,62.58,82,29,0.0,scattered clouds
607,Tres Lagoas,BR,-20.7511,-51.6783,84.04,21,1,4.36,clear sky
608,Port Hedland,AU,-20.3167,118.5667,78.85,89,40,0.0,scattered clouds
609,Kamenka,RU,51.3223,42.7678,42.21,76,73,7.07,broken clouds
610,Kenscoff,HT,18.4506,-72.2869,75.34,52,40,5.75,scattered clouds
611,Campos,BR,-21.75,-41.3,76.33,54,35,13.06,scattered clouds
612,Lokosovo,RU,61.1333,74.8167,49.95,72,87,8.93,overcast clouds
613,Bagdarin,RU,54.4333,113.6,40.21,79,40,4.9,scattered clouds
614,Spas-Demensk,RU,54.4122,34.0226,47.23,59,4,4.94,clear sky
615,Veshenskaya,RU,49.6303,41.7334,50.72,62,70,9.95,broken clouds
616,Salalah,OM,17.0151,54.0924,81.45,84,42,6.2,scattered clouds
617,Xingyi,CN,24.1877,102.817,58.39,98,99,1.59,overcast clouds
618,Grants,US,35.1473,-107.8514,68.23,18,0,6.91,clear sky
619,Baculin,PH,7.4525,126.5842,78.19,83,5,3.85,clear sky
620,Abay,KZ,49.6311,72.8539,48.58,30,3,5.99,clear sky
621,Gimli,CA,50.6336,-96.9907,56.91,52,50,13.42,scattered clouds
622,Hayange,FR,49.3343,6.0527,66.51,90,89,5.01,overcast clouds
623,Floro,NO,61.5996,5.0328,54.23,100,75,14.97,light rain
624,Zhigansk,RU,66.7697,123.3711,42.71,81,100,3.87,overcast clouds
625,Road Town,VG,18.4167,-64.6167,82.44,74,40,9.22,scattered clouds
626,Lensk,RU,60.7253,114.9278,54.39,67,100,6.71,overcast clouds
627,Mukhen,RU,48.1,136.1,55.98,75,63,6.53,light rain
628,Bafq,IR,31.6128,55.4107,86.76,9,0,3.78,clear sky
629,Belyy Yar,RU,53.6039,91.3903,55.85,94,0,2.24,clear sky
630,Calbiga,PH,11.6247,125.0164,74.86,96,21,2.42,few clouds
631,Bistrica,RO,47.1332,24.5001,56.86,79,52,4.21,broken clouds
632,Funadhoo,MV,6.15,73.2667,83.44,79,78,16.58,broken clouds
633,Sars,RU,56.5502,57.1366,42.19,88,93,2.71,overcast clouds
634,Puerto Maldonado,PE,-12.6,-69.1833,79.2,73,75,5.75,broken clouds
635,Puerto Asis,CO,0.5133,-76.5007,83.7,67,24,3.74,few clouds
636,Nhamunda,BR,-2.1861,-56.7131,83.03,80,55,2.17,broken clouds
637,North Bend,US,43.4065,-124.2243,64.24,91,100,11.5,overcast clouds
638,Huntsville,US,34.7304,-86.5861,72.21,96,100,14.97,overcast clouds
639,Perth,AU,-31.9333,115.8333,64.78,93,75,21.85,shower rain
640,Champerico,GT,14.3,-91.9167,83.3,70,51,5.41,broken clouds
641,Tigil,RU,57.8,158.6667,42.3,84,77,2.53,broken clouds
642,Blackwater,AU,-23.5833,148.8833,62.15,83,70,6.96,broken clouds
643,Camabatela,AO,-8.1881,15.375,70.36,64,95,2.57,overcast clouds
644,Kudahuvadhoo,MV,2.6708,72.8944,84.04,75,75,13.06,broken clouds
645,Damara,CF,4.9608,18.7035,74.8,90,99,3.02,moderate rain
646,Los Llanos De Aridane,ES,28.6585,-17.9182,69.12,77,75,16.11,broken clouds
647,Oyem,GA,1.5995,11.5793,67.46,99,100,2.51,light rain
648,Nicoya,CR,10.1483,-85.452,88.57,59,41,3.31,scattered clouds
649,Gwadar,PK,25.1216,62.3254,83.73,87,0,7.63,clear sky
650,Nautla,MX,20.2167,-96.7833,89.11,58,1,10.25,clear sky
651,Whitianga,NZ,-36.8333,175.7,50.41,84,26,5.37,scattered clouds
652,Oranjemund,NA,-28.55,16.4333,61.3,64,69,5.21,broken clouds
653,Bria,CF,6.5423,21.9863,76.14,78,78,1.5,broken clouds
654,Shimanovsk,RU,52.0,127.7,42.85,81,100,12.17,overcast clouds
655,Norwich,GB,52.6278,1.2983,62.02,89,75,4.61,broken clouds
656,Skjervoy,NO,70.0311,20.9714,55.4,86,37,12.03,scattered clouds
657,Kailaras,IN,26.3167,77.6167,79.92,52,67,8.3,broken clouds
658,Guarapuava,BR,-25.3953,-51.4581,60.98,58,83,2.71,broken clouds
659,Brewster,US,41.3973,-73.6171,73.42,52,0,4.61,clear sky
660,Diamantino,BR,-14.4086,-56.4461,90.12,27,21,2.55,few clouds
661,Pucallpa,PE,-8.3791,-74.5539,78.84,83,75,5.75,broken clouds
662,Bambui,BR,-20.0064,-45.9769,76.23,37,4,4.27,clear sky
663,Siyabuswa,ZA,-25.1132,29.0445,65.7,52,79,3.24,broken clouds
664,Novikovo,RU,51.1537,37.8879,48.69,67,99,4.68,overcast clouds
665,Pontianak,ID,-0.0333,109.3333,80.58,83,40,3.44,scattered clouds
666,Hirakud,IN,21.5167,83.8667,91.31,34,97,9.4,overcast clouds
